post_key,mongo_post_id,title
6,6954d6b240b8afebad22bb22,Getting Started with React Hooks
7,6954d6b240b8afebad22bb23,Building RESTful APIs with Node.js and Express
8,6954d6b240b8afebad22bb24,MongoDB Best Practices for Beginners
9,6954d6b240b8afebad22bb25,10 JavaScript Tips Every Developer Should Know
10,6954d6b240b8afebad22bb26,Understanding the MERN Stack
11,6954d6b240b8afebad22bb27,Advanced TypeScript Patterns
12,6954d6b240b8afebad22bb28,Docker Containerization Guide
13,6954d6b240b8afebad22bb29,Kubernetes Deployment Strategies
14,6954d6b240b8afebad22bb2a,AWS Cloud Architecture
15,6954d6b240b8afebad22bb2b,GraphQL vs REST API
16,6954d6b240b8afebad22bb2c,Database Optimization Techniques
17,6954d6b240b8afebad22bb2d,Web Security Best Practices
18,6954d6b240b8afebad22bb2e,Performance Optimization Tips
19,6954d6b240b8afebad22bb2f,Testing Strategies for React
20,6954d6b240b8afebad22bb30,CI/CD Pipeline Setup
21,6954d6b240b8afebad22bb31,Frontend Architecture Patterns
22,6954d6b240b8afebad22bb32,Backend Design Principles
23,6954d6b240b8afebad22bb33,Full Stack Development Guide
24,6954d6b240b8afebad22bb34,Modern JavaScript Features
25,6954d6b240b8afebad22bb35,React Performance Optimization
26,6954d6b240b8afebad22bb36,Node.js Async Patterns
27,6954d6b240b8afebad22bb37,MongoDB Aggregation Pipeline
28,6954d6b240b8afebad22bb38,TypeScript Advanced Types
29,6954d6b240b8afebad22bb39,Vue.js Component Design
30,6954d6b240b8afebad22bb3a,Angular Dependency Injection
31,6954d6b240b8afebad22bb3b,Python Web Frameworks
32,6954d6b240b8afebad22bb3c,Docker Compose Tutorial
33,6954d6b240b8afebad22bb3d,Kubernetes Service Mesh
34,6954d6b240b8afebad22bb3e,AWS Lambda Functions
35,6954d6b240b8afebad22bb3f,DevOps Automation Tools
36,6954d6b240b8afebad22bb40,GraphQL Schema Design
37,6954d6b240b8afebad22bb41,REST API Versioning
38,6954d6b240b8afebad22bb42,Database Indexing Strategies
39,6954d6b240b8afebad22bb43,Authentication and Authorization
40,6954d6b240b8afebad22bb44,Code Review Best Practices
41,6954d6b240b8afebad22bb45,Agile Development Workflow
42,6954d6b240b8afebad22bb46,Microservices Architecture
43,6954d6b240b8afebad22bb47,Serverless Computing
44,6954d6b240b8afebad22bb48,Cloud Native Applications
45,6954d6b240b8afebad22bb49,API Gateway Patterns
46,6954d6b240b8afebad22bb4a,Getting Started with React Hooks - Part 2
47,6954d6b240b8afebad22bb4b,Building RESTful APIs with Node.js and Express - Part 2
48,6954d6b240b8afebad22bb4c,MongoDB Best Practices for Beginners - Part 2
49,6954d6b240b8afebad22bb4d,10 JavaScript Tips Every Developer Should Know - Part 2
50,6954d6b240b8afebad22bb4e,Understanding the MERN Stack - Part 2
51,6954d6b240b8afebad22bb4f,Advanced TypeScript Patterns - Part 2
52,6954d6b240b8afebad22bb50,Docker Containerization Guide - Part 2
53,6954d6b240b8afebad22bb51,Kubernetes Deployment Strategies - Part 2
54,6954d6b240b8afebad22bb52,AWS Cloud Architecture - Part 2
55,6954d6b240b8afebad22bb53,GraphQL vs REST API - Part 2
56,6954d6b240b8afebad22bb54,Database Optimization Techniques - Part 2
57,6954d6b240b8afebad22bb55,Web Security Best Practices - Part 2
58,6954d6b240b8afebad22bb56,Performance Optimization Tips - Part 2
59,6954d6b240b8afebad22bb57,Testing Strategies for React - Part 2
60,6954d6b240b8afebad22bb58,CI/CD Pipeline Setup - Part 2
61,6954d6b240b8afebad22bb59,Frontend Architecture Patterns - Part 2
62,6954d6b240b8afebad22bb5a,Backend Design Principles - Part 2
63,6954d6b240b8afebad22bb5b,Full Stack Development Guide - Part 2
64,6954d6b240b8afebad22bb5c,Modern JavaScript Features - Part 2
65,6954d6b240b8afebad22bb5d,React Performance Optimization - Part 2
66,6954d6b240b8afebad22bb5e,Node.js Async Patterns - Part 2
67,6954d6b240b8afebad22bb5f,MongoDB Aggregation Pipeline - Part 2
68,6954d6b240b8afebad22bb60,TypeScript Advanced Types - Part 2
69,6954d6b240b8afebad22bb61,Vue.js Component Design - Part 2
70,6954d6b240b8afebad22bb62,Angular Dependency Injection - Part 2
71,6954d6b240b8afebad22bb63,Python Web Frameworks - Part 2
72,6954d6b240b8afebad22bb64,Docker Compose Tutorial - Part 2
73,6954d6b240b8afebad22bb65,Kubernetes Service Mesh - Part 2
74,6954d6b240b8afebad22bb66,AWS Lambda Functions - Part 2
75,6954d6b240b8afebad22bb67,DevOps Automation Tools - Part 2
76,6954d6b240b8afebad22bb68,GraphQL Schema Design - Part 2
77,6954d6b240b8afebad22bb69,REST API Versioning - Part 2
78,6954d6b240b8afebad22bb6a,Database Indexing Strategies - Part 2
79,6954d6b240b8afebad22bb6b,Authentication and Authorization - Part 2
80,6954d6b240b8afebad22bb6c,Code Review Best Practices - Part 2
81,6954d6b240b8afebad22bb6d,Agile Development Workflow - Part 2
82,6954d6b240b8afebad22bb6e,Microservices Architecture - Part 2
83,6954d6b240b8afebad22bb6f,Serverless Computing - Part 2
84,6954d6b240b8afebad22bb70,Cloud Native Applications - Part 2
85,6954d6b240b8afebad22bb71,API Gateway Patterns - Part 2
86,6954d6b240b8afebad22bb72,Getting Started with React Hooks - Part 3
87,6954d6b240b8afebad22bb73,Building RESTful APIs with Node.js and Express - Part 3
88,6954d6b240b8afebad22bb74,MongoDB Best Practices for Beginners - Part 3
89,6954d6b240b8afebad22bb75,10 JavaScript Tips Every Developer Should Know - Part 3
90,6954d6b240b8afebad22bb76,Understanding the MERN Stack - Part 3
91,6954d6b240b8afebad22bb77,Advanced TypeScript Patterns - Part 3
92,6954d6b240b8afebad22bb78,Docker Containerization Guide - Part 3
93,6954d6b240b8afebad22bb79,Kubernetes Deployment Strategies - Part 3
94,6954d6b240b8afebad22bb7a,AWS Cloud Architecture - Part 3
95,6954d6b240b8afebad22bb7b,GraphQL vs REST API - Part 3
96,6954d6b240b8afebad22bb7c,Database Optimization Techniques - Part 3
97,6954d6b240b8afebad22bb7d,Web Security Best Practices - Part 3
98,6954d6b240b8afebad22bb7e,Performance Optimization Tips - Part 3
99,6954d6b240b8afebad22bb7f,Testing Strategies for React - Part 3
100,6954d6b240b8afebad22bb80,CI/CD Pipeline Setup - Part 3
101,6954d6b240b8afebad22bb81,Frontend Architecture Patterns - Part 3
102,6954d6b240b8afebad22bb82,Backend Design Principles - Part 3
103,6954d6b240b8afebad22bb83,Full Stack Development Guide - Part 3
104,6954d6b240b8afebad22bb84,Modern JavaScript Features - Part 3
105,6954d6b240b8afebad22bb85,React Performance Optimization - Part 3
106,6954d6b240b8afebad22bb86,Node.js Async Patterns - Part 3
107,6954d6b240b8afebad22bb87,MongoDB Aggregation Pipeline - Part 3
108,6954d6b240b8afebad22bb88,TypeScript Advanced Types - Part 3
109,6954d6b240b8afebad22bb89,Vue.js Component Design - Part 3
110,6954d6b240b8afebad22bb8a,Angular Dependency Injection - Part 3
111,6954d6b240b8afebad22bb8b,Python Web Frameworks - Part 3
112,6954d6b240b8afebad22bb8c,Docker Compose Tutorial - Part 3
113,6954d6b240b8afebad22bb8d,Kubernetes Service Mesh - Part 3
114,6954d6b240b8afebad22bb8e,AWS Lambda Functions - Part 3
115,6954d6b240b8afebad22bb8f,DevOps Automation Tools - Part 3
116,6954d6b240b8afebad22bb90,GraphQL Schema Design - Part 3
117,6954d6b240b8afebad22bb91,REST API Versioning - Part 3
118,6954d6b240b8afebad22bb92,Database Indexing Strategies - Part 3
119,6954d6b240b8afebad22bb93,Authentication and Authorization - Part 3
120,6954d6b240b8afebad22bb94,Code Review Best Practices - Part 3
121,6954d6b240b8afebad22bb95,Agile Development Workflow - Part 3
122,6954d6b240b8afebad22bb96,Microservices Architecture - Part 3
123,6954d6b240b8afebad22bb97,Serverless Computing - Part 3
124,6954d6b240b8afebad22bb98,Cloud Native Applications - Part 3
125,6954d6b240b8afebad22bb99,API Gateway Patterns - Part 3
126,6954d6b240b8afebad22bb9a,Getting Started with React Hooks - Part 4
127,6954d6b240b8afebad22bb9b,Building RESTful APIs with Node.js and Express - Part 4
128,6954d6b240b8afebad22bb9c,MongoDB Best Practices for Beginners - Part 4
129,6954d6b240b8afebad22bb9d,10 JavaScript Tips Every Developer Should Know - Part 4
130,6954d6b240b8afebad22bb9e,Understanding the MERN Stack - Part 4
131,6954d6b240b8afebad22bb9f,Advanced TypeScript Patterns - Part 4
132,6954d6b240b8afebad22bba0,Docker Containerization Guide - Part 4
133,6954d6b240b8afebad22bba1,Kubernetes Deployment Strategies - Part 4
134,6954d6b240b8afebad22bba2,AWS Cloud Architecture - Part 4
135,6954d6b240b8afebad22bba3,GraphQL vs REST API - Part 4
136,6954d6b240b8afebad22bba4,Database Optimization Techniques - Part 4
137,6954d6b240b8afebad22bba5,Web Security Best Practices - Part 4
138,6954d6b240b8afebad22bba6,Performance Optimization Tips - Part 4
139,6954d6b240b8afebad22bba7,Testing Strategies for React - Part 4
140,6954d6b240b8afebad22bba8,CI/CD Pipeline Setup - Part 4
141,6954d6b240b8afebad22bba9,Frontend Architecture Patterns - Part 4
142,6954d6b240b8afebad22bbaa,Backend Design Principles - Part 4
143,6954d6b240b8afebad22bbab,Full Stack Development Guide - Part 4
144,6954d6b240b8afebad22bbac,Modern JavaScript Features - Part 4
145,6954d6b240b8afebad22bbad,React Performance Optimization - Part 4
146,6954d6b240b8afebad22bbae,Node.js Async Patterns - Part 4
147,6954d6b240b8afebad22bbaf,MongoDB Aggregation Pipeline - Part 4
148,6954d6b240b8afebad22bbb0,TypeScript Advanced Types - Part 4
149,6954d6b240b8afebad22bbb1,Vue.js Component Design - Part 4
150,6954d6b240b8afebad22bbb2,Angular Dependency Injection - Part 4
151,6954d6b240b8afebad22bbb3,Python Web Frameworks - Part 4
152,6954d6b240b8afebad22bbb4,Docker Compose Tutorial - Part 4
153,6954d6b240b8afebad22bbb5,Kubernetes Service Mesh - Part 4
154,6954d6b240b8afebad22bbb6,AWS Lambda Functions - Part 4
155,6954d6b240b8afebad22bbb7,DevOps Automation Tools - Part 4
156,6954d6b240b8afebad22bbb8,GraphQL Schema Design - Part 4
157,6954d6b240b8afebad22bbb9,REST API Versioning - Part 4
158,6954d6b240b8afebad22bbba,Database Indexing Strategies - Part 4
159,6954d6b240b8afebad22bbbb,Authentication and Authorization - Part 4
160,6954d6b240b8afebad22bbbc,Code Review Best Practices - Part 4
161,6954d6b240b8afebad22bbbd,Agile Development Workflow - Part 4
162,6954d6b240b8afebad22bbbe,Microservices Architecture - Part 4
163,6954d6b240b8afebad22bbbf,Serverless Computing - Part 4
164,6954d6b240b8afebad22bbc0,Cloud Native Applications - Part 4
165,6954d6b240b8afebad22bbc1,API Gateway Patterns - Part 4
166,6954d6b240b8afebad22bbc2,Getting Started with React Hooks - Part 5
167,6954d6b240b8afebad22bbc3,Building RESTful APIs with Node.js and Express - Part 5
168,6954d6b240b8afebad22bbc4,MongoDB Best Practices for Beginners - Part 5
169,6954d6b240b8afebad22bbc5,10 JavaScript Tips Every Developer Should Know - Part 5
170,6954d6b240b8afebad22bbc6,Understanding the MERN Stack - Part 5
171,6954d6b240b8afebad22bbc7,Advanced TypeScript Patterns - Part 5
172,6954d6b240b8afebad22bbc8,Docker Containerization Guide - Part 5
173,6954d6b240b8afebad22bbc9,Kubernetes Deployment Strategies - Part 5
174,6954d6b240b8afebad22bbca,AWS Cloud Architecture - Part 5
175,6954d6b240b8afebad22bbcb,GraphQL vs REST API - Part 5
176,6954d6b240b8afebad22bbcc,Database Optimization Techniques - Part 5
177,6954d6b240b8afebad22bbcd,Web Security Best Practices - Part 5
178,6954d6b240b8afebad22bbce,Performance Optimization Tips - Part 5
179,6954d6b240b8afebad22bbcf,Testing Strategies for React - Part 5
180,6954d6b240b8afebad22bbd0,CI/CD Pipeline Setup - Part 5
181,6954d6b240b8afebad22bbd1,Frontend Architecture Patterns - Part 5
182,6954d6b240b8afebad22bbd2,Backend Design Principles - Part 5
183,6954d6b240b8afebad22bbd3,Full Stack Development Guide - Part 5
184,6954d6b240b8afebad22bbd4,Modern JavaScript Features - Part 5
185,6954d6b240b8afebad22bbd5,React Performance Optimization - Part 5
186,6954d6b240b8afebad22bbd6,Node.js Async Patterns - Part 5
187,6954d6b240b8afebad22bbd7,MongoDB Aggregation Pipeline - Part 5
188,6954d6b240b8afebad22bbd8,TypeScript Advanced Types - Part 5
189,6954d6b240b8afebad22bbd9,Vue.js Component Design - Part 5
190,6954d6b240b8afebad22bbda,Angular Dependency Injection - Part 5
191,6954d6b240b8afebad22bbdb,Python Web Frameworks - Part 5
192,6954d6b240b8afebad22bbdc,Docker Compose Tutorial - Part 5
193,6954d6b240b8afebad22bbdd,Kubernetes Service Mesh - Part 5
194,6954d6b240b8afebad22bbde,AWS Lambda Functions - Part 5
195,6954d6b240b8afebad22bbdf,DevOps Automation Tools - Part 5
196,6954d6b240b8afebad22bbe0,GraphQL Schema Design - Part 5
197,6954d6b240b8afebad22bbe1,REST API Versioning - Part 5
198,6954d6b240b8afebad22bbe2,Database Indexing Strategies - Part 5
199,6954d6b240b8afebad22bbe3,Authentication and Authorization - Part 5
200,6954d6b240b8afebad22bbe4,Code Review Best Practices - Part 5
201,6954d6b240b8afebad22bbe5,Agile Development Workflow - Part 5
202,6954d6b240b8afebad22bbe6,Microservices Architecture - Part 5
203,6954d6b240b8afebad22bbe7,Serverless Computing - Part 5
204,6954d6b240b8afebad22bbe8,Cloud Native Applications - Part 5
205,6954d6b240b8afebad22bbe9,API Gateway Patterns - Part 5
206,6954d6b240b8afebad22bbea,Getting Started with React Hooks - Part 6
207,6954d6b240b8afebad22bbeb,Building RESTful APIs with Node.js and Express - Part 6
208,6954d6b240b8afebad22bbec,MongoDB Best Practices for Beginners - Part 6
209,6954d6b240b8afebad22bbed,10 JavaScript Tips Every Developer Should Know - Part 6
210,6954d6b240b8afebad22bbee,Understanding the MERN Stack - Part 6
211,6954d6b240b8afebad22bbef,Advanced TypeScript Patterns - Part 6
212,6954d6b240b8afebad22bbf0,Docker Containerization Guide - Part 6
213,6954d6b240b8afebad22bbf1,Kubernetes Deployment Strategies - Part 6
214,6954d6b240b8afebad22bbf2,AWS Cloud Architecture - Part 6
215,6954d6b240b8afebad22bbf3,GraphQL vs REST API - Part 6
216,6954d6b240b8afebad22bbf4,Database Optimization Techniques - Part 6
217,6954d6b240b8afebad22bbf5,Web Security Best Practices - Part 6
218,6954d6b240b8afebad22bbf6,Performance Optimization Tips - Part 6
219,6954d6b240b8afebad22bbf7,Testing Strategies for React - Part 6
220,6954d6b240b8afebad22bbf8,CI/CD Pipeline Setup - Part 6
221,6954d6b240b8afebad22bbf9,Frontend Architecture Patterns - Part 6
222,6954d6b240b8afebad22bbfa,Backend Design Principles - Part 6
223,6954d6b240b8afebad22bbfb,Full Stack Development Guide - Part 6
224,6954d6b240b8afebad22bbfc,Modern JavaScript Features - Part 6
225,6954d6b240b8afebad22bbfd,React Performance Optimization - Part 6
226,6954d6b240b8afebad22bbfe,Node.js Async Patterns - Part 6
227,6954d6b240b8afebad22bbff,MongoDB Aggregation Pipeline - Part 6
228,6954d6b240b8afebad22bc00,TypeScript Advanced Types - Part 6
229,6954d6b240b8afebad22bc01,Vue.js Component Design - Part 6
230,6954d6b240b8afebad22bc02,Angular Dependency Injection - Part 6
231,6954d6b240b8afebad22bc03,Python Web Frameworks - Part 6
232,6954d6b240b8afebad22bc04,Docker Compose Tutorial - Part 6
233,6954d6b240b8afebad22bc05,Kubernetes Service Mesh - Part 6
234,6954d6b240b8afebad22bc06,AWS Lambda Functions - Part 6
235,6954d6b240b8afebad22bc07,DevOps Automation Tools - Part 6
236,6954d6b240b8afebad22bc08,GraphQL Schema Design - Part 6
237,6954d6b240b8afebad22bc09,REST API Versioning - Part 6
238,6954d6b240b8afebad22bc0a,Database Indexing Strategies - Part 6
239,6954d6b240b8afebad22bc0b,Authentication and Authorization - Part 6
240,6954d6b240b8afebad22bc0c,Code Review Best Practices - Part 6
241,6954d6b240b8afebad22bc0d,Agile Development Workflow - Part 6
242,6954d6b240b8afebad22bc0e,Microservices Architecture - Part 6
243,6954d6b240b8afebad22bc0f,Serverless Computing - Part 6
244,6954d6b240b8afebad22bc10,Cloud Native Applications - Part 6
245,6954d6b240b8afebad22bc11,API Gateway Patterns - Part 6
246,6954d6b240b8afebad22bc12,Getting Started with React Hooks - Part 7
247,6954d6b240b8afebad22bc13,Building RESTful APIs with Node.js and Express - Part 7
248,6954d6b240b8afebad22bc14,MongoDB Best Practices for Beginners - Part 7
249,6954d6b240b8afebad22bc15,10 JavaScript Tips Every Developer Should Know - Part 7
250,6954d6b240b8afebad22bc16,Understanding the MERN Stack - Part 7
251,6954d6b240b8afebad22bc17,Advanced TypeScript Patterns - Part 7
252,6954d6b240b8afebad22bc18,Docker Containerization Guide - Part 7
253,6954d6b240b8afebad22bc19,Kubernetes Deployment Strategies - Part 7
254,6954d6b240b8afebad22bc1a,AWS Cloud Architecture - Part 7
255,6954d6b240b8afebad22bc1b,GraphQL vs REST API - Part 7
256,6954d6b240b8afebad22bc1c,Database Optimization Techniques - Part 7
257,6954d6b240b8afebad22bc1d,Web Security Best Practices - Part 7
258,6954d6b240b8afebad22bc1e,Performance Optimization Tips - Part 7
259,6954d6b240b8afebad22bc1f,Testing Strategies for React - Part 7
260,6954d6b240b8afebad22bc20,CI/CD Pipeline Setup - Part 7
261,6954d6b240b8afebad22bc21,Frontend Architecture Patterns - Part 7
262,6954d6b240b8afebad22bc22,Backend Design Principles - Part 7
263,6954d6b240b8afebad22bc23,Full Stack Development Guide - Part 7
264,6954d6b240b8afebad22bc24,Modern JavaScript Features - Part 7
265,6954d6b240b8afebad22bc25,React Performance Optimization - Part 7
266,6954d6b240b8afebad22bc26,Node.js Async Patterns - Part 7
267,6954d6b240b8afebad22bc27,MongoDB Aggregation Pipeline - Part 7
268,6954d6b240b8afebad22bc28,TypeScript Advanced Types - Part 7
269,6954d6b240b8afebad22bc29,Vue.js Component Design - Part 7
270,6954d6b240b8afebad22bc2a,Angular Dependency Injection - Part 7
271,6954d6b240b8afebad22bc2b,Python Web Frameworks - Part 7
272,6954d6b240b8afebad22bc2c,Docker Compose Tutorial - Part 7
273,6954d6b240b8afebad22bc2d,Kubernetes Service Mesh - Part 7
274,6954d6b240b8afebad22bc2e,AWS Lambda Functions - Part 7
275,6954d6b240b8afebad22bc2f,DevOps Automation Tools - Part 7
276,6954d6b240b8afebad22bc30,GraphQL Schema Design - Part 7
277,6954d6b240b8afebad22bc31,REST API Versioning - Part 7
278,6954d6b240b8afebad22bc32,Database Indexing Strategies - Part 7
279,6954d6b240b8afebad22bc33,Authentication and Authorization - Part 7
280,6954d6b240b8afebad22bc34,Code Review Best Practices - Part 7
281,6954d6b240b8afebad22bc35,Agile Development Workflow - Part 7
282,6954d6b240b8afebad22bc36,Microservices Architecture - Part 7
283,6954d6b240b8afebad22bc37,Serverless Computing - Part 7
284,6954d6b240b8afebad22bc38,Cloud Native Applications - Part 7
285,6954d6b240b8afebad22bc39,API Gateway Patterns - Part 7
286,6954d6b240b8afebad22bc3a,Getting Started with React Hooks - Part 8
287,6954d6b240b8afebad22bc3b,Building RESTful APIs with Node.js and Express - Part 8
288,6954d6b240b8afebad22bc3c,MongoDB Best Practices for Beginners - Part 8
289,6954d6b240b8afebad22bc3d,10 JavaScript Tips Every Developer Should Know - Part 8
290,6954d6b240b8afebad22bc3e,Understanding the MERN Stack - Part 8
291,6954d6b240b8afebad22bc3f,Advanced TypeScript Patterns - Part 8
292,6954d6b240b8afebad22bc40,Docker Containerization Guide - Part 8
293,6954d6b240b8afebad22bc41,Kubernetes Deployment Strategies - Part 8
294,6954d6b240b8afebad22bc42,AWS Cloud Architecture - Part 8
295,6954d6b240b8afebad22bc43,GraphQL vs REST API - Part 8
296,6954d6b240b8afebad22bc44,Database Optimization Techniques - Part 8
297,6954d6b240b8afebad22bc45,Web Security Best Practices - Part 8
298,6954d6b240b8afebad22bc46,Performance Optimization Tips - Part 8
299,6954d6b240b8afebad22bc47,Testing Strategies for React - Part 8
300,6954d6b240b8afebad22bc48,CI/CD Pipeline Setup - Part 8
301,6954d6b240b8afebad22bc49,Frontend Architecture Patterns - Part 8
302,6954d6b240b8afebad22bc4a,Backend Design Principles - Part 8
303,6954d6b240b8afebad22bc4b,Full Stack Development Guide - Part 8
304,6954d6b240b8afebad22bc4c,Modern JavaScript Features - Part 8
305,6954d6b240b8afebad22bc4d,React Performance Optimization - Part 8
306,6954d6b240b8afebad22bc4e,Node.js Async Patterns - Part 8
307,6954d6b240b8afebad22bc4f,MongoDB Aggregation Pipeline - Part 8
308,6954d6b240b8afebad22bc50,TypeScript Advanced Types - Part 8
309,6954d6b240b8afebad22bc51,Vue.js Component Design - Part 8
310,6954d6b240b8afebad22bc52,Angular Dependency Injection - Part 8
311,6954d6b240b8afebad22bc53,Python Web Frameworks - Part 8
312,6954d6b240b8afebad22bc54,Docker Compose Tutorial - Part 8
313,6954d6b240b8afebad22bc55,Kubernetes Service Mesh - Part 8
314,6954d6b240b8afebad22bc56,AWS Lambda Functions - Part 8
315,6954d6b240b8afebad22bc57,DevOps Automation Tools - Part 8
316,6954d6b240b8afebad22bc58,GraphQL Schema Design - Part 8
317,6954d6b240b8afebad22bc59,REST API Versioning - Part 8
318,6954d6b240b8afebad22bc5a,Database Indexing Strategies - Part 8
319,6954d6b240b8afebad22bc5b,Authentication and Authorization - Part 8
320,6954d6b240b8afebad22bc5c,Code Review Best Practices - Part 8
321,6954d6b240b8afebad22bc5d,Agile Development Workflow - Part 8
322,6954d6b240b8afebad22bc5e,Microservices Architecture - Part 8
323,6954d6b240b8afebad22bc5f,Serverless Computing - Part 8
324,6954d6b240b8afebad22bc60,Cloud Native Applications - Part 8
325,6954d6b240b8afebad22bc61,API Gateway Patterns - Part 8
326,6954d6b240b8afebad22bc62,Getting Started with React Hooks - Part 9
327,6954d6b240b8afebad22bc63,Building RESTful APIs with Node.js and Express - Part 9
328,6954d6b240b8afebad22bc64,MongoDB Best Practices for Beginners - Part 9
329,6954d6b240b8afebad22bc65,10 JavaScript Tips Every Developer Should Know - Part 9
330,6954d6b240b8afebad22bc66,Understanding the MERN Stack - Part 9
331,6954d6b240b8afebad22bc67,Advanced TypeScript Patterns - Part 9
332,6954d6b240b8afebad22bc68,Docker Containerization Guide - Part 9
333,6954d6b240b8afebad22bc69,Kubernetes Deployment Strategies - Part 9
334,6954d6b240b8afebad22bc6a,AWS Cloud Architecture - Part 9
335,6954d6b240b8afebad22bc6b,GraphQL vs REST API - Part 9
336,6954d6b240b8afebad22bc6c,Database Optimization Techniques - Part 9
337,6954d6b240b8afebad22bc6d,Web Security Best Practices - Part 9
338,6954d6b240b8afebad22bc6e,Performance Optimization Tips - Part 9
339,6954d6b240b8afebad22bc6f,Testing Strategies for React - Part 9
340,6954d6b240b8afebad22bc70,CI/CD Pipeline Setup - Part 9
341,6954d6b240b8afebad22bc71,Frontend Architecture Patterns - Part 9
342,6954d6b240b8afebad22bc72,Backend Design Principles - Part 9
343,6954d6b240b8afebad22bc73,Full Stack Development Guide - Part 9
344,6954d6b240b8afebad22bc74,Modern JavaScript Features - Part 9
345,6954d6b240b8afebad22bc75,React Performance Optimization - Part 9
346,6954d6b240b8afebad22bc76,Node.js Async Patterns - Part 9
347,6954d6b240b8afebad22bc77,MongoDB Aggregation Pipeline - Part 9
348,6954d6b240b8afebad22bc78,TypeScript Advanced Types - Part 9
349,6954d6b240b8afebad22bc79,Vue.js Component Design - Part 9
350,6954d6b240b8afebad22bc7a,Angular Dependency Injection - Part 9
351,6954d6b240b8afebad22bc7b,Python Web Frameworks - Part 9
352,6954d6b240b8afebad22bc7c,Docker Compose Tutorial - Part 9
353,6954d6b240b8afebad22bc7d,Kubernetes Service Mesh - Part 9
354,6954d6b240b8afebad22bc7e,AWS Lambda Functions - Part 9
355,6954d6b240b8afebad22bc7f,DevOps Automation Tools - Part 9
356,6954d6b240b8afebad22bc80,GraphQL Schema Design - Part 9
357,6954d6b240b8afebad22bc81,REST API Versioning - Part 9
358,6954d6b240b8afebad22bc82,Database Indexing Strategies - Part 9
359,6954d6b240b8afebad22bc83,Authentication and Authorization - Part 9
360,6954d6b240b8afebad22bc84,Code Review Best Practices - Part 9
361,6954d6b240b8afebad22bc85,Agile Development Workflow - Part 9
362,6954d6b240b8afebad22bc86,Microservices Architecture - Part 9
363,6954d6b240b8afebad22bc87,Serverless Computing - Part 9
364,6954d6b240b8afebad22bc88,Cloud Native Applications - Part 9
365,6954d6b240b8afebad22bc89,API Gateway Patterns - Part 9
366,6954d6b240b8afebad22bc8a,Getting Started with React Hooks - Part 10
367,6954d6b240b8afebad22bc8b,Building RESTful APIs with Node.js and Express - Part 10
368,6954d6b240b8afebad22bc8c,MongoDB Best Practices for Beginners - Part 10
369,6954d6b240b8afebad22bc8d,10 JavaScript Tips Every Developer Should Know - Part 10
370,6954d6b240b8afebad22bc8e,Understanding the MERN Stack - Part 10
371,6954d6b240b8afebad22bc8f,Advanced TypeScript Patterns - Part 10
372,6954d6b240b8afebad22bc90,Docker Containerization Guide - Part 10
373,6954d6b240b8afebad22bc91,Kubernetes Deployment Strategies - Part 10
374,6954d6b240b8afebad22bc92,AWS Cloud Architecture - Part 10
375,6954d6b240b8afebad22bc93,GraphQL vs REST API - Part 10
376,6954d6b240b8afebad22bc94,Database Optimization Techniques - Part 10
377,6954d6b240b8afebad22bc95,Web Security Best Practices - Part 10
378,6954d6b240b8afebad22bc96,Performance Optimization Tips - Part 10
379,6954d6b240b8afebad22bc97,Testing Strategies for React - Part 10
380,6954d6b240b8afebad22bc98,CI/CD Pipeline Setup - Part 10
381,6954d6b240b8afebad22bc99,Frontend Architecture Patterns - Part 10
382,6954d6b240b8afebad22bc9a,Backend Design Principles - Part 10
383,6954d6b240b8afebad22bc9b,Full Stack Development Guide - Part 10
384,6954d6b240b8afebad22bc9c,Modern JavaScript Features - Part 10
385,6954d6b240b8afebad22bc9d,React Performance Optimization - Part 10
386,6954d6b240b8afebad22bc9e,Node.js Async Patterns - Part 10
387,6954d6b240b8afebad22bc9f,MongoDB Aggregation Pipeline - Part 10
388,6954d6b240b8afebad22bca0,TypeScript Advanced Types - Part 10
389,6954d6b240b8afebad22bca1,Vue.js Component Design - Part 10
390,6954d6b240b8afebad22bca2,Angular Dependency Injection - Part 10
391,6954d6b240b8afebad22bca3,Python Web Frameworks - Part 10
392,6954d6b240b8afebad22bca4,Docker Compose Tutorial - Part 10
393,6954d6b240b8afebad22bca5,Kubernetes Service Mesh - Part 10
394,6954d6b240b8afebad22bca6,AWS Lambda Functions - Part 10
395,6954d6b240b8afebad22bca7,DevOps Automation Tools - Part 10
396,6954d6b240b8afebad22bca8,GraphQL Schema Design - Part 10
397,6954d6b240b8afebad22bca9,REST API Versioning - Part 10
398,6954d6b240b8afebad22bcaa,Database Indexing Strategies - Part 10
399,6954d6b240b8afebad22bcab,Authentication and Authorization - Part 10
400,6954d6b240b8afebad22bcac,Code Review Best Practices - Part 10
401,6954d6b240b8afebad22bcad,Agile Development Workflow - Part 10
402,6954d6b240b8afebad22bcae,Microservices Architecture - Part 10
403,6954d6b240b8afebad22bcaf,Serverless Computing - Part 10
404,6954d6b240b8afebad22bcb0,Cloud Native Applications - Part 10
405,6954d6b240b8afebad22bcb1,API Gateway Patterns - Part 10
