user_key,mongo_user_id,username,email,role
5,6954d6b240b8afebad22baa2,admin,admin@example.com,admin
6,6954d6b240b8afebad22baa3,john_doe,john@example.com,user
7,6954d6b240b8afebad22baa4,jane_smith,jane@example.com,user
8,6954d6b240b8afebad22baa5,bob_wilson,bob@example.com,user
9,6954d6b240b8afebad22baa6,frank_harris_0,frank_harris_0@example.com,user
10,6954d6b240b8afebad22baa7,alex_kelly_1,alex_kelly_1@example.com,user
11,6954d6b240b8afebad22baa8,grace_smith_2,grace_smith_2@example.com,user
12,6954d6b240b8afebad22baa9,sam_brown_3,sam_brown_3@example.com,user
13,6954d6b240b8afebad22baaa,ruby_brown_4,ruby_brown_4@example.com,user
14,6954d6b240b8afebad22baab,alex_davis_5,alex_davis_5@example.com,user
15,6954d6b240b8afebad22baac,quinn_zimmerman_6,quinn_zimmerman_6@example.com,user
16,6954d6b240b8afebad22baad,ulrich_white_7,ulrich_white_7@example.com,user
17,6954d6b240b8afebad22baae,carla_white_8,carla_white_8@example.com,user
18,6954d6b240b8afebad22baaf,peter_rivera_9,peter_rivera_9@example.com,user
19,6954d6b240b8afebad22bab0,david_evans_10,david_evans_10@example.com,user
20,6954d6b240b8afebad22bab1,frank_parker_11,frank_parker_11@example.com,user
21,6954d6b240b8afebad22bab2,helen_harris_12,helen_harris_12@example.com,user
22,6954d6b240b8afebad22bab3,ivan_kelly_13,ivan_kelly_13@example.com,user
23,6954d6b240b8afebad22bab4,emma_martin_14,emma_martin_14@example.com,user
24,6954d6b240b8afebad22bab5,peter_jackson_15,peter_jackson_15@example.com,user
25,6954d6b240b8afebad22bab6,david_white_16,david_white_16@example.com,user
26,6954d6b240b8afebad22bab7,diana_parker_17,diana_parker_17@example.com,user
27,6954d6b240b8afebad22bab8,george_martin_18,george_martin_18@example.com,user
28,6954d6b240b8afebad22bab9,steven_garcia_19,steven_garcia_19@example.com,user
29,6954d6b240b8afebad22baba,grace_owen_20,grace_owen_20@example.com,user
30,6954d6b240b8afebad22babb,emma_kelly_21,emma_kelly_21@example.com,user
31,6954d6b240b8afebad22babc,frank_evans_22,frank_evans_22@example.com,user
32,6954d6b240b8afebad22babd,diana_smith_23,diana_smith_23@example.com,user
33,6954d6b240b8afebad22babe,william_zimmerman_24,william_zimmerman_24@example.com,user
34,6954d6b240b8afebad22babf,quinn_white_25,quinn_white_25@example.com,user
35,6954d6b240b8afebad22bac0,charlie_parker_26,charlie_parker_26@example.com,user
36,6954d6b240b8afebad22bac1,diana_white_27,diana_white_27@example.com,user
37,6954d6b240b8afebad22bac2,quinn_vargas_28,quinn_vargas_28@example.com,user
38,6954d6b240b8afebad22bac3,emma_kelly_29,emma_kelly_29@example.com,user
39,6954d6b240b8afebad22bac4,patricia_smith_30,patricia_smith_30@example.com,user
40,6954d6b240b8afebad22bac5,nina_evans_31,nina_evans_31@example.com,user
41,6954d6b240b8afebad22bac6,helen_kelly_32,helen_kelly_32@example.com,user
42,6954d6b240b8afebad22bac7,sam_vargas_33,sam_vargas_33@example.com,user
43,6954d6b240b8afebad22bac8,mia_vargas_34,mia_vargas_34@example.com,user
44,6954d6b240b8afebad22bac9,liam_zimmerman_35,liam_zimmerman_35@example.com,user
45,6954d6b240b8afebad22baca,rachel_davis_36,rachel_davis_36@example.com,user
46,6954d6b240b8afebad22bacb,william_taylor_37,william_taylor_37@example.com,user
47,6954d6b240b8afebad22bacc,emma_harris_38,emma_harris_38@example.com,user
48,6954d6b240b8afebad22bacd,oscar_jackson_39,oscar_jackson_39@example.com,user
49,6954d6b240b8afebad22bace,charlie_smith_40,charlie_smith_40@example.com,user
50,6954d6b240b8afebad22bacf,julia_anderson_41,julia_anderson_41@example.com,user
51,6954d6b240b8afebad22bad0,david_parker_42,david_parker_42@example.com,user
52,6954d6b240b8afebad22bad1,olivia_foster_43,olivia_foster_43@example.com,user
53,6954d6b240b8afebad22bad2,mia_jackson_44,mia_jackson_44@example.com,user
54,6954d6b240b8afebad22bad3,victoria_underwood_45,victoria_underwood_45@example.com,user
